metadata	feature	value	coef	stderr	N	N.not.0	pval	qval
Sex	k__Bacteria.p__Firmicutes	M	-0.151558099980333	0.0474036213898122	34	0	0.00326218708836183	0.0685059288555984
