metadata	feature	value	coef	stderr	N	N.not.0	pval	qval
Sex	GOLPDLCAT.PWY	M	-0.712863964570287	0.164271870281631	36	0	0.000133737648599122	0.12036388373921
